timestamp,username,action
"2026-05-01T01:00:38.605Z","Graham","login"
"2026-05-01T01:00:43.881Z","Jep","login"
"2026-05-01T01:00:57.537Z","Letubatang","login"
"2026-05-01T01:01:08.254Z","Sherr","login"
"2026-05-01T01:01:08.271Z","¯\(ツ)/¯","login"
"2026-05-01T01:01:08.979Z","TorinFanClubOfficial","login"
"2026-05-01T01:01:19.263Z","Netta","login"
"2026-05-01T01:01:19.632Z","Kehcee","login"
"2026-05-01T01:04:01.345Z","¯\(ツ)/¯","login"
"2026-05-01T01:04:13.478Z","KST","login"
"2026-05-01T01:05:30.956Z","MRVN","login"
"2026-05-01T01:06:05.486Z","AEldridge","login"
"2026-05-01T01:09:15.786Z","Z","login"
"2026-05-01T01:12:26.813Z","Smam","login"
"2026-05-01T01:21:41.105Z","aimap","login"
"2026-05-01T01:21:43.890Z","Letubatang","login"
"2026-05-01T01:34:09.260Z","Letubatang","login"
"2026-05-01T01:34:14.285Z","AEldridge","login"
"2026-05-01T01:34:34.261Z","MLZR","login"
